"symbol","company","identifier","sedol","weight","sector","shares_held","local_currency"
"NVDA","NVIDIA CORP","67066G104","2379504",0.07900978197552364,"-",296782940,"USD"
"AAPL","APPLE INC","037833100","2046251",0.06789284084707868,"-",179979883,"USD"
"MSFT","MICROSOFT CORP","594918104","2588173",0.056371012767037765,"-",91027149,"USD"
"AMZN","AMAZON.COM INC","023135106","2000019",0.04082015090058763,"-",119951698,"USD"
"GOOGL","ALPHABET INC CL A","02079K305","BYVY8G0",0.031435340097987305,"-",71851357,"USD"
"AVGO","BROADCOM INC","11135F101","BDZ78H9",0.029988022040166304,"-",58015109,"USD"
"GOOG","ALPHABET INC CL C","02079K107","BYY88Y7",0.025218964497895215,"-",57914821,"USD"
"META","META PLATFORMS INC CLASS A","30303M102","B7TL820",0.019590078594201935,"-",26908826,"USD"
"LLY","ELI LILLY + CO","532457108","2516152",0.014611660578158001,"-",9692310,"USD"
"MU","MICRON TECHNOLOGY INC","595112103","2588184",0.014557995076877956,"-",13817060,"USD"
"BRK-B","BERKSHIRE HATHAWAY INC CL B","084670702","2073390",0.014552733557087964,"-",22462673,"USD"
"JPM","JPMORGAN CHASE + CO","46625H100","2190385",0.014454655227162367,"-",32830370,"USD"
"TSLA","TESLA INC","88160R101","B616C79",0.013966324172737295,"-",34492833,"USD"
"AMD","ADVANCED MICRO DEVICES","007903107","2007849",0.011479435835040953,"-",19977748,"USD"
"XOM","EXXONMOBIL HOLDINGS CORP","30233Q108","BVSRPD7",0.00993008830600719,"-",50783273,"USD"
"JNJ","JOHNSON + JOHNSON","478160104","2475833",0.009448379164321615,"-",29490911,"USD"
"V","VISA INC CLASS A SHARES","92826C839","B2PZN04",0.008974292224308992,"-",20334403,"USD"
"WMT","WALMART INC","931142103","2936921",0.007404688844372697,"-",53709918,"USD"
"CSCO","CISCO SYSTEMS INC","17275R102","2198163",0.007257666376932977,"-",48387150,"USD"
"INTC","INTEL CORP","458140100","2463247",0.006910726163252255,"-",57909112,"USD"
"MA","MASTERCARD INC   A","57636Q104","B121557",0.006812167694638596,"-",9884693,"USD"
"ABBV","ABBVIE INC","00287Y109","B92SR70",0.006567497021514665,"-",21643038,"USD"
"COST","COSTCO WHOLESALE CORP","22160K105","2701271",0.00633626022876708,"-",5434649,"USD"
"BAC","BANK OF AMERICA CORP","060505104","2295677",0.00624974523891226,"-",79974347,"USD"
"AMAT","APPLIED MATERIALS INC","038222105","2046552",0.006215435328494636,"-",9727877,"USD"
"PLTR","PALANTIR TECHNOLOGIES INC A","69608A108","BN78DQ4",0.006030481904698172,"-",28122961,"USD"
"CAT","CATERPILLAR INC","149123101","2180201",0.005782960408113884,"-",5642100,"USD"
"LRCX","LAM RESEARCH CORP","512807306","BSML4N7",0.005747770243434816,"-",15329482,"USD"
"GE","GENERAL ELECTRIC","369604301","BL59CR9",0.005734996553754553,"-",12780248,"USD"
"UNH","UNITEDHEALTH GROUP INC","91324P102","2917766",0.005564067180805176,"-",11124029,"USD"
"CVX","CHEVRON CORP","166764100","2838555",0.005469409839032005,"-",22931018,"USD"
"HD","HOME DEPOT INC","437076102","2434209",0.005237012711121607,"-",12200174,"USD"
"PG","PROCTER + GAMBLE CO/THE","742718109","2704407",0.005111396426857898,"-",28523137,"USD"
"KO","COCA COLA CO/THE","191216100","2206657",0.00504192636042921,"-",47428955,"USD"
"MRK","MERCK + CO. INC.","58933Y105","2778844",0.004848450474919681,"-",30263172,"USD"
"NFLX","NETFLIX INC","64110L106","2857817",0.004815150856324849,"-",51577373,"USD"
"PANW","PALO ALTO NETWORKS INC","697435105","B87ZMX0",0.004682262471514897,"-",9937278,"USD"
"GS","GOLDMAN SACHS GROUP INC","38141G104","2407966",0.004574511347602755,"-",3613490,"USD"
"RTX","RTX CORP","75513E101","BM5M5Y3",0.004525647233203311,"-",16501272,"USD"
"PM","PHILIP MORRIS INTERNATIONAL","718172109","B2PKRQ3",0.004346785569011609,"-",19097300,"USD"
"WFC","WELLS FARGO + CO","949746101","2649100",0.004015930001380899,"-",37496990,"USD"
"GEV","GE VERNOVA INC","36828A101","BP6H4Y1",0.00399101280404845,"-",3291489,"USD"
"MS","MORGAN STANLEY","617446448","2262314",0.0038704679846773738,"-",14688462,"USD"
"ORCL","ORACLE CORP","68389X105","2661568",0.0038417997038444557,"-",20784107,"USD"
"TXN","TEXAS INSTRUMENTS INC","882508104","2885409",0.00382797571078406,"-",11154407,"USD"
"KLAC","KLA CORP","482480100","2480138",0.0037769809809563492,"-",16013640,"USD"
"C","CITIGROUP INC","172967424","2297907",0.0034581488863058094,"-",20898702,"USD"
"CRWD","CROWDSTRIKE HOLDINGS INC   A","22788C105","BJJP138",0.0034389033272260693,"-",12480898,"USD"
"LIN","LINDE PLC","G54950103","BNZHB81",0.0034140561501189623,"-",5665214,"USD"
"AMGN","AMGEN INC","031162100","2023607",0.003374044592780625,"-",6608816,"USD"
"TMO","THERMO FISHER SCIENTIFIC INC","883556102","2886907",0.0033424954798193457,"-",4554714,"USD"
"IBM","INTL BUSINESS MACHINES CORP","459200101","2005973",0.003330391983724499,"-",11516778,"USD"
"APH","AMPHENOL CORP CL A","032095101","2145084",0.0030945338561043354,"-",15079232,"USD"
"ANET","ARISTA NETWORKS INC","040413205","BL9XPM3",0.0029660967570482736,"-",12655760,"USD"
"VZ","VERIZON COMMUNICATIONS INC","92343V104","2090571",0.002945520813687033,"-",51180511,"USD"
"MCD","MCDONALD S CORP","580135101","2550707",0.002917142616644818,"-",8708996,"USD"
"ABT","ABBOTT LABORATORIES","002824100","2002305",0.002837759686885557,"-",21349268,"USD"
"PEP","PEPSICO INC","713448108","2681511",0.0028235455811411125,"-",16752637,"USD"
"ADI","ANALOG DEVICES INC","032654105","2032067",0.0028114220792675964,"-",5984068,"USD"
"BA","BOEING CO/THE","097023105","2108601",0.0027525550755335675,"-",9662492,"USD"
"SNDK","SANDISK CORP","80004C200","BSNPZV3",0.0027479537464396592,"-",1813987,"USD"
"MRVL","MARVELL TECHNOLOGY INC","573874104","BNKJSM5",0.0027380808946664247,"-",10728338,"USD"
"AXP","AMERICAN EXPRESS CO","025816109","2026082",0.0027049313194116124,"-",6523088,"USD"
"STX","SEAGATE TECHNOLOGY HOLDINGS","G7997R103","BKVD2N4",0.00269307789555013,"-",2747504,"USD"
"DIS","WALT DISNEY CO/THE","254687106","2270726",0.002687446268854759,"-",21284369,"USD"
"NEE","NEXTERA ENERGY INC","65339F101","2328915",0.0026493152547113234,"-",25560414,"USD"
"SCHW","SCHWAB (CHARLES) CORP","808513105","2779397",0.00264795486176182,"-",20037493,"USD"
"TJX","TJX COMPANIES INC","872540109","2989301",0.002634290914930778,"-",13554257,"USD"
"UNP","UNION PACIFIC CORP","907818108","2914734",0.0026024817268467996,"-",7277216,"USD"
"ETN","EATON CORP PLC","G29183103","B8KQN82",0.0025915385659147647,"-",4759425,"USD"
"QCOM","QUALCOMM INC","747525103","2714923",0.002563830562457966,"-",12919212,"USD"
"T","AT+T INC","00206R102","2831811",0.002506514006570798,"-",85167177,"USD"
"WELL","WELLTOWER INC","95040Q104","BYVYHH4",0.0024886488462192305,"-",8652457,"USD"
"GILD","GILEAD SCIENCES INC","375558103","2369174",0.0024779757632992293,"-",15218331,"USD"
"BKNG","BOOKING HOLDINGS INC","09857L108","BDRXDB4",0.00247422467979876,"-",9497750,"USD"
"BLK","BLACKROCK INC","09290D101","BMZBBT7",0.002450347782957107,"-",1769820,"USD"
"CRM","SALESFORCE INC","79466L302","2310525",0.0024234800222044136,"-",10026914,"USD"
"UBER","UBER TECHNOLOGIES INC","90353T100","BK6N347",0.002382478178821953,"-",24950850,"USD"
"PFE","PFIZER INC","717081103","2684703",0.0023118277714517838,"-",69840280,"USD"
"DE","DEERE + CO","244199105","2261203",0.0022959331802991294,"-",3079357,"USD"
"WDC","WESTERN DIGITAL CORP","958102105","2954699",0.002265484385164655,"-",4223454,"USD"
"COP","CONOCOPHILLIPS","20825C104","2685717",0.0022481993923944934,"-",14932776,"USD"
"ISRG","INTUITIVE SURGICAL INC","46120E602","2871301",0.002089613584883994,"-",4340815,"USD"
"COF","CAPITAL ONE FINANCIAL CORP","14040H105","2654461",0.0020439503950716166,"-",7627848,"USD"
"PH","PARKER HANNIFIN CORP","701094104","2671501",0.002005539300026813,"-",1545387,"USD"
"VRTX","VERTEX PHARMACEUTICALS INC","92532F100","2931034",0.001994436092865424,"-",3110868,"USD"
"DELL","DELL TECHNOLOGIES  C","24703L202","BHKD3S6",0.0019869039171964823,"-",3546035,"USD"
"BMY","BRISTOL MYERS SQUIBB CO","110122108","2126335",0.0019860036571563698,"-",25029614,"USD"
"DHR","DANAHER CORP","235851102","2250870",0.001978201403475394,"-",7720983,"USD"
"PLD","PROLOGIS INC","74340W103","B44WZD7",0.0019730199068000794,"-",11619411,"USD"
"NOW","SERVICENOW INC","81762P102","B80NXX8",0.001971439450285215,"-",12641371,"USD"
"CB","CHUBB LTD","H1467J104","B3BQMF6",0.0018844243159636663,"-",4421227,"USD"
"NEM","NEWMONT CORP","651639106","2636607",0.00187771237722016,"-",13085703,"USD"
"PGR","PROGRESSIVE CORP","743315103","2705024",0.0018752716722225215,"-",7162591,"USD"
"SPGI","S+P GLOBAL INC","78409V104","BYV2325",0.0018689998606097372,"-",3716617,"USD"
"GLW","CORNING INC","219350105","2224701",0.0018532553127971014,"-",9599639,"USD"
"LOW","LOWE S COS INC","548661107","2536763",0.0018388211434872963,"-",6865169,"USD"
"LMT","LOCKHEED MARTIN CORP","539830109","2522096",0.001832929441669226,"-",2483301,"USD"
"CVS","CVS HEALTH CORP","126650100","2577609",0.0018309288638023095,"-",15639148,"USD"
"SYK","STRYKER CORP","863667101","2853688",0.0017896369366291452,"-",4229073,"USD"
"SBUX","STARBUCKS CORP","855244109","2842255",0.0017889767459330628,"-",13969569,"USD"
"MDT","MEDTRONIC PLC","G5960L103","BTN1Y11",0.0017218073440513294,"-",15736771,"USD"
"HWM","HOWMET AEROSPACE INC","443201108","BKLJ8V2",0.0017026718167542697,"-",4904246,"USD"
"ADBE","ADOBE INC","00724F101","2008154",0.0016548179941776183,"-",4954147,"USD"
"MO","ALTRIA GROUP INC","02209S103","2692632",0.001641614180255967,"-",20468338,"USD"
"ACN","ACCENTURE PLC CL A","G1151C101","B4BNMY3",0.0016414841426946173,"-",7525316,"USD"
"BNY","BANK OF NEW YORK MELLON CORP","064058100","B1Z77F6",0.0016414041195799405,"-",8413236,"USD"
"ADP","AUTOMATIC DATA PROCESSING","053015103","2065308",0.0016409739953385535,"-",4899853,"USD"
"MCK","MCKESSON CORP","58155Q103","2378534",0.0015867083206984336,"-",1473653,"USD"
"TT","TRANE TECHNOLOGIES PLC","G8994E103","BK9ZQ96",0.0015814868124657806,"-",2709405,"USD"
"BX","BLACKSTONE INC","09260D107","BKF2SL7",0.0015785159543334093,"-",9105822,"USD"
"VRT","VERTIV HOLDINGS CO A","92537N108","BL3LWS8",0.0015552592366305008,"-",4705393,"USD"
"SO","SOUTHERN CO/THE","842587107","2829601",0.0015444161045918114,"-",13817249,"USD"
"EQIX","EQUINIX INC","29444U700","BVLZX12",0.0015419553938155037,"-",1207662,"USD"
"FTNT","FORTINET INC","34959E109","B5B2106",0.0015338830621224942,"-",7633232,"USD"
"FCX","FREEPORT MCMORAN INC","35671D857","2352118",0.001520359155742136,"-",17620312,"USD"
"PNC","PNC FINANCIAL SERVICES GROUP","693475105","2692665",0.0015164780346803174,"-",4922282,"USD"
"GD","GENERAL DYNAMICS CORP","369550108","2365161",0.0015074854371685262,"-",3111047,"USD"
"USB","US BANCORP","902973304","2736035",0.0014945817099269124,"-",19026950,"USD"
"PWR","QUANTA SERVICES INC","74762E102","2150204",0.0014874796584993576,"-",1839332,"USD"
"CME","CME GROUP INC","12572Q105","2965839",0.0014329739145152076,"-",4441470,"USD"
"MMM","3M CO","88579Y101","2595708",0.0014240813458967622,"-",6392719,"USD"
"DUK","DUKE ENERGY CORP","26441C204","B7VD3F2",0.00141715934647723,"-",9555845,"USD"
"VLO","VALERO ENERGY CORP","91913Y100","2041364",0.001402695168499421,"-",3639464,"USD"
"MPC","MARATHON PETROLEUM CORP","56585A102","B3K3L40",0.0014025651309380715,"-",3578122,"USD"
"CSX","CSX CORP","126408103","2160753",0.0013969134984640314,"-",22775828,"USD"
"INTU","INTUIT INC","461202103","2459020",0.001387150678473477,"-",3389497,"USD"
"JCI","JOHNSON CONTROLS INTERNATION","G51502105","BY7QL61",0.0013791583698951441,"-",7478535,"USD"
"MRSH","MARSH + MCLENNAN COS","571748102","2567741",0.0013787282456537572,"-",5905259,"USD"
"CDNS","CADENCE DESIGN SYS INC","127387108","2302232",0.0013731866449623975,"-",3380860,"USD"
"APP","APPLOVIN CORP CLASS A","03831W108","BMV3LG4",0.0013680651656230902,"-",3297805,"USD"
"CMCSA","COMCAST CORP CLASS A","20030N101","2044545",0.001346678988225749,"-",43669675,"USD"
"EMR","EMERSON ELECTRIC CO","291011104","2313405",0.0013334451656360942,"-",6865767,"USD"
"WMB","WILLIAMS COS INC","969457100","2967181",0.001315780063071218,"-",14964937,"USD"
"CMI","CUMMINS INC","231021106","2240202",0.00131392952854432,"-",1691370,"USD"
"CEG","CONSTELLATION ENERGY","21037T109","BMH4FS1",0.0012966445357741583,"-",3918158,"USD"
"PSX","PHILLIPS 66","718546104","B78C4Y8",0.0012960243566354143,"-",4914070,"USD"
"ELV","ELEVANCE HEALTH INC","036752103","BSPHGL4",0.0012954842006113465,"-",2661912,"USD"
"DDOG","DATADOG INC   CLASS A","23804L103","BKT9Y49",0.0012941238076618431,"-",4055260,"USD"
"ICE","INTERCONTINENTAL EXCHANGE IN","45866F104","BFSSDS9",0.0012769788553423657,"-",6931827,"USD"
"WM","WASTE MANAGEMENT INC","94106L109","2937667",0.0012556927068383703,"-",4528354,"USD"
"SHW","SHERWIN WILLIAMS CO/THE","824348106","2804211",0.0012479104589360637,"-",2811518,"USD"
"TMUS","T MOBILE US INC","872590104","B94Q9V0",0.0012438792945342263,"-",5704107,"USD"
"ROST","ROSS STORES INC","778296103","2746711",0.001231395688644665,"-",3948874,"USD"
"REGN","REGENERON PHARMACEUTICALS","75886F107","2730190",0.001211159843520801,"-",1224845,"USD"
"TRV","TRAVELERS COS INC/THE","89417E109","2769503",0.0011979660324884843,"-",2606224,"USD"
"SLB","SLB LTD","806857108","2779201",0.0011929845935998613,"-",18324816,"USD"
"DASH","DOORDASH INC   A","25809K105","BN13P03",0.0011911440619622978,"-",4638240,"USD"
"GM","GENERAL MOTORS CO","37045V100","B665KZ5",0.0011896336256727756,"-",11052086,"USD"
"MDLZ","MONDELEZ INTERNATIONAL INC A","609207105","B8CKK03",0.0011851823399188857,"-",15740356,"USD"
"SNPS","SYNOPSYS INC","871607107","2867719",0.0011828816753719311,"-",2348004,"USD"
"AMT","AMERICAN TOWER CORP","03027X100","B7FBFL2",0.0011817613517664577,"-",5710569,"USD"
"UPS","UNITED PARCEL SERVICE CL B","911312106","2517382",0.0011727187398079936,"-",9151299,"USD"
"ABNB","AIRBNB INC CLASS A","009066101","BMGYYH4",0.0011577844260314593,"-",5122466,"USD"
"NOC","NORTHROP GRUMMAN CORP","666807102","2648806",0.0011570642179993692,"-",1636173,"USD"
"ITW","ILLINOIS TOOL WORKS","452308109","2457552",0.0011566440966473165,"-",3209235,"USD"
"HON","HONEYWELL INTERNATIONAL INC","438516205","BN7RHC5",0.0011544334581043735,"-",3883338,"USD"
"RCL","ROYAL CARIBBEAN CRUISES LTD","V7780T103","2754907",0.001152492897573464,"-",3057782,"USD"
"MSI","MOTOROLA SOLUTIONS INC","620076307","B5BKPQ4",0.0011499021492358068,"-",2034013,"USD"
"ORLY","O REILLY AUTOMOTIVE INC","67103H107","B65LWX6",0.0011464111408580368,"-",10157432,"USD"
"MAR","MARRIOTT INTERNATIONAL  CL A","571903202","2210614",0.0011439104185243909,"-",2682756,"USD"
"AON","AON PLC CLASS A","G0403H108","BLP1HW5",0.001143640340512357,"-",2618035,"USD"
"EOG","EOG RESOURCES INC","26875P101","2318024",0.0011362482052940993,"-",6528766,"USD"
"NSC","NORFOLK SOUTHERN CORP","655844108","2641894",0.0011255651194847633,"-",2754262,"USD"
"BSX","BOSTON SCIENTIFIC CORP","101137107","2113434",0.0011249549432353536,"-",18218157,"USD"
"HOOD","ROBINHOOD MARKETS INC   A","770700102","BP0TQN6",0.001122254163115016,"-",9702558,"USD"
"CL","COLGATE PALMOLIVE CO","194162103","2209106",0.0011180429467051558,"-",9808318,"USD"
"CI","THE CIGNA GROUP","125523100","BHJ0775",0.0011045590518821361,"-",3242171,"USD"
"HPE","HEWLETT PACKARD ENTERPRISE","42824C109","BYVYWS0",0.0010878842353613841,"-",16258121,"USD"
"ECL","ECOLAB INC","278865100","2304227",0.001080572123257803,"-",3104848,"USD"
"MCO","MOODY S CORP","615369105","2252058",0.0010774812304534165,"-",1841498,"USD"
"KKR","KKR + CO INC","48251W104","BG1FRR1",0.0010767510195319918,"-",8474397,"USD"
"SPG","SIMON PROPERTY GROUP INC","828806109","2812452",0.0010727698695768273,"-",3974800,"USD"
"FDX","FEDEX CORP","31428X106","2142784",0.001070299155911185,"-",2690485,"USD"
"URI","UNITED RENTALS INC","911363109","2134781",0.0010685286444989635,"-",767616,"USD"
"HLT","HILTON WORLDWIDE HOLDINGS IN","43300A203","BYVMW06",0.0010619667490954763,"-",2790398,"USD"
"ALL","ALLSTATE CORP","020002101","2019952",0.00104118074505821,"-",3155084,"USD"
"PCAR","PACCAR INC","693718108","2665861",0.0010359992483828953,"-",6450770,"USD"
"TGT","TARGET CORP","87612E106","2259101",0.0010337485982826141,"-",5556871,"USD"
"CTAS","CINTAS CORP","172908105","2197137",0.001031437930846325,"-",4158017,"USD"
"APD","AIR PRODUCTS + CHEMICALS INC","009158106","2011602",0.0010296874252127728,"-",2730339,"USD"
"TDG","TRANSDIGM GROUP INC","893641100","B11FJK3",0.0010259563474909728,"-",685250,"USD"
"MPWR","MONOLITHIC POWER SYSTEMS INC","609839105","B01Z7J1",0.0010170937875405312,"-",601800,"USD"
"CRH","CRH PLC","G25508105","B01ZKD6",0.001008241230479424,"-",8190015,"USD"
"AEP","AMERICAN ELECTRIC POWER","025537101","2026242",0.0010024895691120382,"-",6668941,"USD"
"WBD","WARNER BROS DISCOVERY INC","934423104","BM8JYX3",0.0009988685231729186,"-",30377886,"USD"
"DLR","DIGITAL REALTY TRUST INC","253868103","B03GQS4",0.0009972880666580541,"-",4260136,"USD"
"MNST","MONSTER BEVERAGE CORP","61174X109","BZ07BW4",0.0009785926664917161,"-",17492786,"USD"
"AJG","ARTHUR J GALLAGHER + CO","363576109","2359506",0.0009727409762309843,"-",3149003,"USD"
"TFC","TRUIST FINANCIAL CORP","89832Q109","BKP7287",0.0009691299331811994,"-",15270923,"USD"
"HCA","HCA HEALTHCARE INC","40412C101","B4MGBG6",0.0009643685578579372,"-",1903390,"USD"
"COHR","COHERENT CORP","19247G107","BNG8Z81",0.0009540055645073079,"-",2397644,"USD"
"BKR","BAKER HUGHES CO","05722G100","BDHLTQ5",0.0009535354287085825,"-",12161878,"USD"
"LITE","LUMENTUM HOLDINGS INC","55024U109","BYM9ZP2",0.0009492341862947112,"-",953519,"USD"
"COR","CENCORA INC","03073E105","2795393",0.0009485339840412903,"-",2384991,"USD"
"TEL","TE CONNECTIVITY PLC","G87052109","BRC3N84",0.0009381509849119918,"-",3577722,"USD"
"NUE","NUCOR CORP","670346105","2651086",0.0009380809646866498,"-",2791520,"USD"
"KMI","KINDER MORGAN INC","49456B101","B3NQ4P8",0.0009218162666286157,"-",23997742,"USD"
"APO","APOLLO GLOBAL MANAGEMENT INC","03769M106","BN44JF6",0.0009132637962475462,"-",5652944,"USD"
"FAST","FASTENAL CO","311900104","2332262",0.0008979993871229705,"-",14071433,"USD"
"D","DOMINION ENERGY INC","25746U109","2542049",0.000885835873692116,"-",10780163,"USD"
"NXPI","NXP SEMICONDUCTORS NV","N6596X109","B505PN7",0.0008841353825052366,"-",3095122,"USD"
"FIX","COMFORT SYSTEMS USA INC","199908104","2036047",0.0008822548393103348,"-",430464,"USD"
"DAL","DELTA AIR LINES INC","247361702","B1W9D46",0.0008734622995852352,"-",8001102,"USD"
"AME","AMETEK INC","031100100","2089212",0.0008694311351833977,"-",2809568,"USD"
"O","REALTY INCOME CORP","756109104","2724193",0.0008656200343469211,"-",11429352,"USD"
"KEYS","KEYSIGHT TECHNOLOGIES IN","49338L103","BQZJ0Q9",0.000860738624351644,"-",2097079,"USD"
"TER","TERADYNE INC","880770102","2884183",0.0008569775379618403,"-",1918109,"USD"
"TRGP","TARGA RESOURCES CORP","87612G101","B55PZY3",0.0008569675350725057,"-",2630622,"USD"
"OKE","ONEOK INC","682680103","2130109",0.0008537065931494312,"-",7722280,"USD"
"GWW","WW GRAINGER INC","384802104","2380863",0.0008450841025430196,"-",532261,"USD"
"AFL","AFLAC INC","001055102","2026361",0.0008377919962181076,"-",5614447,"USD"
"CAH","CARDINAL HEALTH INC","14149Y108","2175672",0.0008332706902388755,"-",2870954,"USD"
"SRE","SEMPRA","816851109","2138158",0.0008266687832780499,"-",8012518,"USD"
"CIEN","CIENA CORP","171779309","B1FLZ21",0.0008204169774439346,"-",1729246,"USD"
"PSA","PUBLIC STORAGE","74460D109","2852533",0.0008193566711744688,"-",2055687,"USD"
"F","FORD MOTOR CO","345370860","2615468",0.0008130648537830152,"-",47972627,"USD"
"ADSK","AUTODESK INC","052769106","2065159",0.0008109042296867451,"-",2587769,"USD"
"LHX","L3HARRIS TECHNOLOGIES INC","502431109","BK9DTN5",0.00080958384829458,"-",2283496,"USD"
"CVNA","CARVANA CO","146869102","BYQHPG3",0.0007967601441676429,"-",8779577,"USD"
"EW","EDWARDS LIFESCIENCES CORP","28176E108","2567116",0.0007948495923047373,"-",7057899,"USD"
"MET","METLIFE INC","59156R108","2573209",0.0007865872057143706,"-",6624599,"USD"
"DVN","DEVON ENERGY CORP","25179M103","2480677",0.0007821559257391497,"-",14090811,"USD"
"PYPL","PAYPAL HOLDINGS INC","70450Y103","BYW36M8",0.00078154574948974,"-",10811904,"USD"
"HONA","HONEYWELL AEROSPACE INC","43849R105","BN7RHB4",0.0007750238656435911,"-",3883338,"USD"
"STT","STATE STREET CORP","857477103","2842040",0.0007748938280822415,"-",3392056,"USD"
"FITB","FIFTH THIRD BANCORP","316773100","2336747",0.000774763790520892,"-",11082094,"USD"
"GRMN","GARMIN LTD","H2906T109","B3Z5T14",0.0007673416466346304,"-",2002337,"USD"
"CTVA","CORTEVA INC","22052L104","BK73B42",0.0007671715975159425,"-",8198172,"USD"
"FERG","FERGUSON ENTERPRISES INC","31488V107","BS6VHW3",0.0007632504648967854,"-",2364508,"USD"
"AZO","AUTOZONE INC","053332102","2065955",0.0007579389306601212,"-",201881,"USD"
"NKE","NIKE INC  CL B","654106103","2640147",0.0007576288410907491,"-",14702339,"USD"
"AMP","AMERIPRISE FINANCIAL INC","03076C106","B0J7D57",0.0007517171334940097,"-",1101800,"USD"
"WAB","WABTEC CORP","929740108","2955733",0.0007485362146856119,"-",2079451,"USD"
"CARR","CARRIER GLOBAL CORP","14448C104","BK4N0D7",0.0007428945851009064,"-",9569302,"USD"
"BDX","BECTON DICKINSON AND CO","075887109","2087807",0.0007424544579701847,"-",3377589,"USD"
"ROK","ROCKWELL AUTOMATION INC","773903109","2754060",0.000726179757022816,"-",1363486,"USD"
"ETR","ENTERGY CORP","29364G103","2317087",0.0007255695807734065,"-",5612105,"USD"
"AXON","AXON ENTERPRISE INC","05464C101","BDT5S35",0.0007211182950195164,"-",988180,"USD"
"XEL","XCEL ENERGY INC","98389B100","2614807",0.0007197979136273513,"-",7651946,"USD"
"EBAY","EBAY INC","278642103","2293819",0.0007172871884043706,"-",5441917,"USD"
"IDXX","IDEXX LABORATORIES INC","45168D104","2459202",0.0007050736605268431,"-",967115,"USD"
"-","US DOLLAR","999USDZ92","-",0.0007025229237465243,"-",574086739.75,"USD"
"HUM","HUMANA INC","444859102","2445063",0.0006947706845122215,"-",1472011,"USD"
"EXC","EXELON CORP","30161N101","2670519",0.0006829572722080774,"-",12541616,"USD"
"VST","VISTRA CORP","92840M102","BZ8VJQ8",0.0006792662060436156,"-",3885218,"USD"
"VTR","VENTAS INC","92276F100","2927925",0.0006705436865438582,"-",5959301,"USD"
"TTWO","TAKE TWO INTERACTIVE SOFTWRE","874054109","2122117",0.0006620712392774653,"-",2133652,"USD"
"MCHP","MICROCHIP TECHNOLOGY INC","595017104","2592174",0.0006606708347706234,"-",6633304,"USD"
"FLEX","FLEX LTD","Y2573F102","2353058",0.0006601206758572214,"-",4506542,"USD"
"RSG","REPUBLIC SERVICES INC","760759100","2262530",0.0006437859575738452,"-",2451245,"USD"
"NDAQ","NASDAQ INC","631103108","2965107",0.0006407950936628046,"-",5476314,"USD"
"OXY","OCCIDENTAL PETROLEUM CORP","674599105","2655408",0.0006387545042385493,"-",8899881,"USD"
"PRU","PRUDENTIAL FINANCIAL INC","744320102","2819118",0.0006355435767621477,"-",4253129,"USD"
"XYZ","BLOCK INC","852234103","BYNZGK1",0.0006340131346939563,"-",6559878,"USD"
"CBRE","CBRE GROUP INC   A","12504L109","B6WVMH3",0.0006322326203924004,"-",3589310,"USD"
"A","AGILENT TECHNOLOGIES INC","00846U101","2520153",0.0006304521060908443,"-",3464161,"USD"
"CMG","CHIPOTLE MEXICAN GRILL INC","169656105","B0X7DZ3",0.0006183686157746665,"-",15722345,"USD"
"AIG","AMERICAN INTERNATIONAL GROUP","026874784","2027342",0.0006171882748331856,"-",6498581,"USD"
"MSCI","MSCI INC","55354G100","B2972D2",0.0006147575727248816,"-",892172,"USD"
"ROP","ROPER TECHNOLOGIES INC","776696106","2749602",0.0006111665354537659,"-",1236553,"USD"
"IQV","IQVIA HOLDINGS INC","46266C105","BDR73G1",0.0006058650041064361,"-",2045963,"USD"
"IBKR","INTERACTIVE BROKERS GRO CL A","45841N107","B1WT4X2",0.0006057649752130904,"-",5460194,"USD"
"WAT","WATERS CORP","941848103","2937689",0.0006056449405410753,"-",1201939,"USD"
"UAL","UNITED AIRLINES HOLDINGS INC","910047109","B4QG225",0.0006024940304006813,"-",3978241,"USD"
"SYY","SYSCO CORP","871829107","2868165",0.0006015437559138958,"-",5861034,"USD"
"YUM","YUM  BRANDS INC","988498101","2098876",0.000600863559439144,"-",3378587,"USD"
"KDP","KEURIG DR PEPPER INC","49271V100","BD3W133",0.0005979427157534454,"-",16676661,"USD"
"NTAP","NETAPP INC","64110D104","2630643",0.0005889901297989925,"-",2422037,"USD"
"ED","CONSOLIDATED EDISON INC","209115104","2216850",0.0005876697484068273,"-",4517725,"USD"
"PAYX","PAYCHEX INC","704326107","2674458",0.0005862293323426472,"-",3953243,"USD"
"ODFL","OLD DOMINION FREIGHT LINE","679580100","2656423",0.0005834485291076327,"-",2243148,"USD"
"ADM","ARCHER DANIELS MIDLAND CO","039483102","2047317",0.0005818180581460956,"-",5906927,"USD"
"HIG","HARTFORD INSURANCE GROUP INC","416515104","2476193",0.0005803976478605845,"-",3360178,"USD"
"DHI","DR HORTON INC","23331A109","2250687",0.0005801775842952236,"-",3232709,"USD"
"FANG","DIAMONDBACK ENERGY INC","25278X109","B7Y8YR3",0.000579207304029769,"-",2378822,"USD"
"PCG","P G + E CORP","69331C108","2689560",0.0005628625828570583,"-",26992793,"USD"
"WDAY","WORKDAY INC CLASS A","98138H101","B8K6ZD1",0.0005627825597423816,"-",2496841,"USD"
"PEG","PUBLIC SERVICE ENTERPRISE GP","744573106","2707677",0.000557310979276364,"-",6108184,"USD"
"VMC","VULCAN MATERIALS CO","929160109","2931205",0.0005552803927414433,"-",1590264,"USD"
"MTB","M + T BANK CORP","55261F104","2340168",0.0005516593468023239,"-",1795108,"USD"
"KVUE","KENVUE INC","49177J102","BQ84ZQ6",0.0005480483037525389,"-",23534142,"USD"
"STLD","STEEL DYNAMICS INC","858119100","2849472",0.0005462877952296521,"-",1661998,"USD"
"IRM","IRON MOUNTAIN INC","46284V101","BVFTF03",0.0005424366828358371,"-",3646462,"USD"
"EME","EMCOR GROUP INC","29084Q100","2474164",0.0005396858882688265,"-",544920,"USD"
"EXPE","EXPEDIA GROUP INC","30212P303","B748CK2",0.000539165738023428,"-",1403136,"USD"
"KMB","KIMBERLY CLARK CORP","494368103","2491839",0.0005377753364059208,"-",4068296,"USD"
"HBAN","HUNTINGTON BANCSHARES INC","446150104","2445966",0.0005351445765109251,"-",24846917,"USD"
"CCL","CARNIVAL CORP LTD","G2004J103","BVV7RC7",0.0005335941286640646,"-",15713219,"USD"
"JBL","JABIL INC","466313103","2471789",0.000532693868623952,"-",1293136,"USD"
"VEEV","VEEVA SYSTEMS INC CLASS A","922475108","BFH3N85",0.0005285226637714304,"-",1840278,"USD"
"NTRS","NORTHERN TRUST CORP","665859104","2648668",0.0005213705978972026,"-",2267928,"USD"
"WEC","WEC ENERGY GROUP INC","92939U106","BYY8XK8",0.0005184997686581769,"-",3992692,"USD"
"ACGL","ARCH CAPITAL GROUP LTD","G0450A105","2740542",0.0005128281304054677,"-",4265550,"USD"
"EQT","EQT CORP","26884L109","2319414",0.0005073365441607808,"-",7666176,"USD"
"DXCM","DEXCOM INC","252131107","B0796X4",0.0005056260500845669,"-",4714068,"USD"
"TPR","TAPESTRY INC","876030107","BF09HX3",0.0005001444667292147,"-",2480319,"USD"
"GEHC","GE HEALTHCARE TECHNOLOGY","36266G107","BL6JPG8",0.0004977037617315762,"-",5576009,"USD"
"COIN","COINBASE GLOBAL INC  CLASS A","19260Q107","BMC9P69",0.0004960432821020352,"-",2726358,"USD"
"MLM","MARTIN MARIETTA MATERIALS","573284106","2572079",0.0004950429931685768,"-",736144,"USD"
"WTW","WILLIS TOWERS WATSON PLC","G96629103","BDB6Q21",0.0004860303898781163,"-",1157896,"USD"
"CCI","CROWN CASTLE INC","22822V101","BTGQCX1",0.0004827194335083689,"-",5358905,"USD"
"KR","KROGER CO","501044101","2497406",0.0004805588094120987,"-",6952972,"USD"
"TDY","TELEDYNE TECHNOLOGIES INC","879360105","2503477",0.00047975857826533194,"-",567977,"USD"
"RMD","RESMED INC","761152107","2732903",0.00047875828933187354,"-",1777901,"USD"
"CASY","CASEY S GENERAL STORES INC","147528103","2179414",0.0004743270093566527,"-",453632,"USD"
"ZTS","ZOETIS INC","98978V103","B95WG16",0.0004705459171881798,"-",5138626,"USD"
"ON","ON SEMICONDUCTOR","682189105","2583576",0.00046896546067331553,"-",4803529,"USD"
"CNC","CENTENE CORP","15135B101","2807061",0.0004677551110638308,"-",5741958,"USD"
"RJF","RAYMOND JAMES FINANCIAL INC","754730109","2718992",0.0004659845996516094,"-",2126283,"USD"
"EXR","EXTRA SPACE STORAGE INC","30225T102","B02HWR9",0.00046467422114877886,"-",2589143,"USD"
"IR","INGERSOLL RAND INC","45687V106","BL5GZ82",0.0004622735277084786,"-",4360582,"USD"
"CFG","CITIZENS FINANCIAL GROUP","174610105","BQRX1X3",0.00046093314053764436,"-",5183248,"USD"
"BIIB","BIOGEN INC","09062X103","2455965",0.0004593426811334454,"-",1812229,"USD"
"CBOE","CBOE GLOBAL MARKETS INC","12503M108","B5834C5",0.00044829949130806437,"-",1285306,"USD"
"AEE","AMEREN CORPORATION","023608102","2050832",0.00044401825467286224,"-",3391082,"USD"
"WSM","WILLIAMS SONOMA INC","969904101","2967589",0.000442917936846058,"-",1443026,"USD"
"LYV","LIVE NATION ENTERTAINMENT IN","538034109","B0T7YX2",0.0004383066048628147,"-",1939871,"USD"
"ARES","ARES MANAGEMENT CORP   A","03990B101","BF14BT1",0.00043548579007046185,"-",2585128,"USD"
"XYL","XYLEM INC","98419M100","B3P2CN8",0.0004320948105860378,"-",2913613,"USD"
"MTD","METTLER TOLEDO INTERNATIONAL","592688105","2126249",0.0004303843165098239,"-",246373,"USD"
"VICI","VICI PROPERTIES INC","925652109","BYWH073",0.00042688330524271936,"-",13380978,"USD"
"DTE","DTE ENERGY COMPANY","233331107","2280220",0.0004268232879067119,"-",2550032,"USD"
"DOV","DOVER CORP","260003108","2278407",0.00042470267536778004,"-",1651864,"USD"
"Q","QNITY ELECTRONICS INC","74743L100","BW1P234",0.00042163178834206264,"-",2564205,"USD"
"HAL","HALLIBURTON CO","406216101","2405302",0.00042138171610869797,"-",10236240,"USD"
"OTIS","OTIS WORLDWIDE CORP","68902V107","BK531S8",0.0004193711353524465,"-",4702929,"USD"
"ATO","ATMOS ENERGY CORP","049560105","2315359",0.0004182007973003002,"-",2035172,"USD"
"FISV","FISERV INC","337738108","2342034",0.0004176806470549018,"-",6536117,"USD"
"CTSH","COGNIZANT TECH SOLUTIONS A","192446102","2257019",0.00041446971957850024,"-",5808597,"USD"
"HPQ","HP INC","40434L105","BYX4D52",0.000409038150669821,"-",11216574,"USD"
"HSY","HERSHEY CO/THE","427866108","2422806",0.00040704757569223873,"-",1820124,"USD"
"DG","DOLLAR GENERAL CORP","256677105","B5B1S13",0.0004048869515959685,"-",2702675,"USD"
"CINF","CINCINNATI FINANCIAL CORP","172062101","2196888",0.00040345653842112296,"-",1896329,"USD"
"RF","REGIONS FINANCIAL CORP","7591EP100","B01R311",0.0004026963188316946,"-",10460165,"USD"
"ES","EVERSOURCE ENERGY","30040W108","BVVN4Q8",0.0004008957987514694,"-",4603078,"USD"
"HUBB","HUBBELL INC","443510607","BDFG6S3",0.00040038565139540556,"-",648022,"USD"
"LH","LABCORP HOLDINGS INC","504922105","BSBK800",0.0003953441951707751,"-",1005479,"USD"
"PPL","PPL CORP","69351T106","2680905",0.0003948540535933805,"-",9221712,"USD"
"DGX","QUEST DIAGNOSTICS INC","74834L100","2702791",0.00039451395535600463,"-",1356691,"USD"
"SYF","SYNCHRONY FINANCIAL","87165B103","BP96PS6",0.00039449394957733543,"-",4122965,"USD"
"AWK","AMERICAN WATER WORKS CO INC","030420103","B2R3PV1",0.0003940938340039521,"-",2393400,"USD"
"CPRT","COPART INC","217204106","2208073",0.0003933536201931928,"-",10863229,"USD"
"CPAY","CORPAY INC","219948106","BMX5GK7",0.00039307353929182444,"-",801261,"USD"
"CNP","CENTERPOINT ENERGY INC","15189T107","2440637",0.00039263341216110275,"-",8015239,"USD"
"EIX","EDISON INTERNATIONAL","281020107","2829515",0.0003914930827769601,"-",4716501,"USD"
"PPG","PPG INDUSTRIES INC","693506107","2698470",0.0003860715167576154,"-",2731949,"USD"
"FSLR","FIRST SOLAR INC","336433107","B1HMF22",0.0003853913202828637,"-",1315880,"USD"
"AVB","AVALONBAY COMMUNITIES INC","053484101","2131179",0.0003831306672932477,"-",1703029,"USD"
"NRG","NRG ENERGY INC","629377508","2212922",0.0003762686852097228,"-",2585846,"USD"
"SW","SMURFIT WESTROCK PLC","G8267P108","BRK49M5",0.0003746382142481856,"-",6432942,"USD"
"DRI","DARDEN RESTAURANTS INC","237194105","2289874",0.00037437813912548644,"-",1403577,"USD"
"WST","WEST PHARMACEUTICAL SERVICES","955306105","2950482",0.0003731477837373325,"-",865946,"USD"
"PHM","PULTEGROUP INC","745867101","2708841",0.0003715173127757953,"-",2334465,"USD"
"CHD","CHURCH + DWIGHT CO INC","171340102","2195841",0.0003661857727604619,"-",2896793,"USD"
"TROW","T ROWE PRICE GROUP INC","74144T108","2702337",0.0003656256109577252,"-",2626176,"USD"
"FE","FIRSTENERGY CORP","337932107","2100920",0.00036511546360166135,"-",6380741,"USD"
"FICO","FAIR ISAAC CORP","303250104","2330299",0.00036467533647093967,"-",283885,"USD"
"OMC","OMNICOM GROUP","681919106","2279303",0.0003618545216785869,"-",3493194,"USD"
"VRSN","VERISIGN INC","92343E102","2142922",0.0003601940420490459,"-",1003430,"USD"
"ULTA","ULTA BEAUTY INC","90384S303","B28TS42",0.0003583535104114824,"-",533728,"USD"
"VLTO","VERALTO CORP","92338C103","BPGMZQ5",0.0003577033226047344,"-",3010046,"USD"
"VRSK","VERISK ANALYTICS INC","92345Y106","B4P9W92",0.00035608285453253173,"-",1606025,"USD"
"STE","STERIS PLC","G8473T100","BFY8C75",0.00035148152543862295,"-",1202226,"USD"
"DLTR","DOLLAR TREE INC","256746108","2272476",0.00035141150521328087,"-",2219726,"USD"
"EXPD","EXPEDITORS INTL WASH INC","302130109","2325507",0.00035119144164792005,"-",1603260,"USD"
"EXE","EXPAND ENERGY CORP","165167735","BMZ5LZ5",0.0003503511989438149,"-",2934635,"USD"
"FFIV","F5 INC","315616102","2427599",0.00034656010388600753,"-",690757,"USD"
"PKG","PACKAGING CORP OF AMERICA","695156109","2504566",0.0003382376999596333,"-",1085000,"USD"
"EQR","EQUITY RESIDENTIAL","29476L107","2319157",0.0003366872521127728,"-",4179464,"USD"
"PFG","PRINCIPAL FINANCIAL GROUP","74251V102","2803014",0.00033544689383528437,"-",2408574,"USD"
"FIS","FIDELITY NATIONAL INFO SERV","31620M106","2769796",0.0003295852006852179,"-",6335747,"USD"
"DOW","DOW INC","260557103","BHXCF84",0.00032943515734519915,"-",8803422,"USD"
"LUV","SOUTHWEST AIRLINES CO","844741108","2831543",0.0003290750533291541,"-",5989069,"USD"
"IP","INTERNATIONAL PAPER CO","460146103","2465254",0.00032763463726497396,"-",6476479,"USD"
"IFF","INTL FLAVORS + FRAGRANCES","459506101","2464165",0.0003266143425528464,"-",3136685,"USD"
"AMCR","AMCOR PLC","G0250X149","BV7DQ55",0.000324433712677907,"-",5627610,"USD"
"EFX","EQUIFAX INC","294429105","2319146",0.00032333339485110274,"-",1459464,"USD"
"EL","ESTEE LAUDER COMPANIES CL A","518439104","2320524",0.00032239312325365183,"-",3021561,"USD"
"KHC","KRAFT HEINZ CO/THE","500754106","BYRY499",0.0003202525049360508,"-",10497474,"USD"
"SNA","SNAP ON INC","833034101","2818740",0.0003194222651212803,"-",634929,"USD"
"CMS","CMS ENERGY CORP","125896100","2219224",0.00031852200508116776,"-",3769036,"USD"
"MRNA","MODERNA INC","60770K107","BGSXTS3",0.00031683151678362295,"-",4328787,"USD"
"KEY","KEYCORP","493267108","2490911",0.000313510557524541,"-",11296044,"USD"
"BRO","BROWN + BROWN INC","115236101","2692687",0.00031305042461515005,"-",3572915,"USD"
"WRB","WR BERKLEY CORP","084423102","2093644",0.00031238023102973296,"-",3604460,"USD"
"TPL","TEXAS PACIFIC LAND CORP","88262P102","BM99VY2",0.000304437936898073,"-",709910,"USD"
"INCY","INCYTE CORP","45337C102","2471950",0.0003038177577593288,"-",2042583,"USD"
"BR","BROADRIDGE FINANCIAL SOLUTIO","11133T103","B1VP7R6",0.00030079688518028436,"-",1417581,"USD"
"GPN","GLOBAL PAYMENTS INC","37940X102","2712013",0.00030039676960690097,"-",2850129,"USD"
"NI","NISOURCE INC","65473P105","2645409",0.0002996165442388034,"-",5860199,"USD"
"GIS","GENERAL MILLS INC","370334104","2367026",0.00029824614839996533,"-",6541183,"USD"
"JBHT","HUNT (JB) TRANSPRT SVCS INC","445658107","2445416",0.00029721585079850313,"-",912604,"USD"
"DD","DUPONT DE NEMOURS INC","26614N201","BW60F13",0.00029199434256585015,"-",1685711,"USD"
"L","LOEWS CORP","540424108","2523022",0.0002880331983893548,"-",2068336,"USD"
"SBAC","SBA COMMUNICATIONS CORP","78410G104","BZ6TS23",0.00028793316949600895,"-",1299615,"USD"
"VTRS","VIATRIS INC","92556V106","BMWS3X9",0.0002840720542128594,"-",14258878,"USD"
"EVRG","EVERGY INC","30034W106","BFMXGR0",0.0002838719964261677,"-",2825828,"USD"
"ZBH","ZIMMER BIOMET HOLDINGS INC","98956P102","2783815",0.0002837219530861489,"-",2371194,"USD"
"FTV","FORTIVE CORP","34959J108","BYT3MK1",0.00028238156591531467,"-",3736961,"USD"
"CF","CF INDUSTRIES HOLDINGS INC","125269100","B0G4K50",0.0002799308580283415,"-",1883048,"USD"
"STZ","CONSTELLATION BRANDS INC A","21036P108","2170473",0.0002790506037668981,"-",1709502,"USD"
"GPC","GENUINE PARTS CO","372460105","2367480",0.0002777602310427367,"-",1687071,"USD"
"LEN","LENNAR CORP A","526057104","2511920",0.00027638983520389865,"-",2638519,"USD"
"ESS","ESSEX PROPERTY TRUST INC","297178105","2316619",0.00027286881815812497,"-",787347,"USD"
"TSCO","TRACTOR SUPPLY COMPANY","892356106","2900335",0.000272338665023392,"-",6428324,"USD"
"WY","WEYERHAEUSER CO","962166104","2958936",0.00027145841076194857,"-",8771516,"USD"
"ZBRA","ZEBRA TECHNOLOGIES CORP CL A","989207105","2989356",0.00027027806982046765,"-",584166,"USD"
"SMCI","SUPER MICRO COMPUTER INC","86800U302","BRC3N73",0.0002655467031652093,"-",6897589,"USD"
"LNT","ALLIANT ENERGY CORP","018802108","2973821",0.00026277590281952945,"-",3148100,"USD"
"LDOS","LEIDOS HOLDINGS INC","525327102","BDV82B8",0.00026245581036082275,"-",1541858,"USD"
"CHRW","C.H. ROBINSON WORLDWIDE INC","12541W209","2116228",0.00026213571790211605,"-",1444547,"USD"
"PTC","PTC INC","69370C100","B95N910",0.000261655579214056,"-",1415849,"USD"
"CDW","CDW CORP/DE","12514G108","BBM5MD6",0.00026141550987002595,"-",1565838,"USD"
"J","JACOBS SOLUTIONS INC","46982L108","BNGC0D3",0.0002608753538459584,"-",1446958,"USD"
"IEX","IDEX CORP","45167R104","2456612",0.000258984807761722,"-",907253,"USD"
"AKAM","AKAMAI TECHNOLOGIES INC","00971T101","2507457",0.0002565340998747488,"-",1781823,"USD"
"NVR","NVR INC","62944T105","2637785",0.0002540133717624336,"-",32989,"USD"
"BALL","BALL CORP","058498106","2073022",0.00024989218135658485,"-",3263159,"USD"
"NDSN","NORDSON CORP","655663102","2641838",0.000245460901381364,"-",649794,"USD"
"INVH","INVITATION HOMES INC","46187W107","BD81GW9",0.0002450307771399769,"-",6699021,"USD"
"KIM","KIMCO REALTY CORP","49446R109","2491594",0.00024389044775583428,"-",8266297,"USD"
"LYB","LYONDELLBASELL INDU CL A","N53745100","B3SPXZ3",0.00024354034662912383,"-",3176583,"USD"
"BBY","BEST BUY CO INC","086516101","2094670",0.0002431102223877367,"-",2410103,"USD"
"TSN","TYSON FOODS INC CL A","902494103","2909730",0.00024187986699958285,"-",3458022,"USD"
"GEN","GEN DIGITAL INC","668771108","BJN4XN5",0.00024080955784078233,"-",6718550,"USD"
"SWK","STANLEY BLACK + DECKER INC","854502101","B3Q2FJ4",0.00023931912732992925,"-",1905352,"USD"
"RL","RALPH LAUREN CORP","751212101","B4V9661",0.0002364883096482419,"-",474959,"USD"
"TXT","TEXTRON INC","883203101","2885937",0.0002321570585663669,"-",2126833,"USD"
"ALB","ALBEMARLE CORP","012653101","2046853",0.0002317769487716527,"-",1443511,"USD"
"MAA","MID AMERICA APARTMENT COMM","59522J103","2589132",0.00023095671184621678,"-",1426134,"USD"
"BG","BUNGE GLOBAL SA","H11356104","BQ6BPG9",0.00023019649225678837,"-",1669880,"USD"
"FDXF","FEDEX FREIGHT HOLDING CO","314352105","BVSVT37",0.00022978637379407043,"-",1328425,"USD"
"MAS","MASCO CORP","574599106","2570200",0.00022683552144036804,"-",2480776,"USD"
"COO","COOPER COS INC/THE","216648501","BQPDXR3",0.0002233045015052598,"-",2390967,"USD"
"EG","EVEREST GROUP LTD","G3223R108","2556868",0.00021958342667279443,"-",485094,"USD"
"APA","APA CORP","03743Q108","BNNF1C1",0.00021748281991253174,"-",4332635,"USD"
"DOC","HEALTHPEAK PROPERTIES INC","42250P103","BJBLRK3",0.00021696266966713337,"-",8483202,"USD"
"HST","HOST HOTELS + RESORTS INC","44107P104","2567503",0.00021658255987241917,"-",7806954,"USD"
"BAX","BAXTER INTERNATIONAL INC","071813109","2085102",0.00021619244718837038,"-",6359431,"USD"
"AIZ","ASSURANT INC","04621X108","2331430",0.00021356168729337472,"-",607598,"USD"
"GL","GLOBE LIFE INC","37959E102","BK6YKG1",0.00021343164973202508,"-",951727,"USD"
"IVZ","INVESCO LTD","G491BT108","B28XP76",0.00021150109209045032,"-",5445334,"USD"
"ALLE","ALLEGION PLC","G0176J109","BFRT3W7",0.00021097093895571734,"-",1041509,"USD"
"DECK","DECKERS OUTDOOR CORP","243537107","2267278",0.00020671971098851905,"-",1733667,"USD"
"AVY","AVERY DENNISON CORP","053611109","2066408",0.0002045590868922488,"-",937283,"USD"
"TRMB","TRIMBLE INC","896239100","2903958",0.0002043290204375534,"-",2857193,"USD"
"LVS","LAS VEGAS SANDS CORP","517834107","B02T2J7",0.00020331872861476037,"-",3654876,"USD"
"MKC","MCCORMICK + CO NON VTG SHRS","579780206","2550161",0.00020301864193472287,"-",3122620,"USD"
"TYL","TYLER TECHNOLOGIES INC","902252105","2909644",0.00020137816808385103,"-",516480,"USD"
"LII","LENNOX INTERNATIONAL INC","526107107","2442053",0.000200898029395791,"-",387850,"USD"
"LULU","LULULEMON ATHLETICA INC","550021109","B23FN39",0.00020076799183444137,"-",1283749,"USD"
"CRL","CHARLES RIVER LABORATORIES","159864107","2604336",0.0002001378098063626,"-",590426,"USD"
"CLX","CLOROX COMPANY","189054109","2204026",0.00019638672630589347,"-",1490085,"USD"
"HII","HUNTINGTON INGALLS INDUSTRIE","446413106","B40SSC9",0.00019461621489367205,"-",480751,"USD"
"RVTY","REVVITY INC","714046109","2305844",0.00019418609065228491,"-",1367710,"USD"
"IT","GARTNER INC","366651107","2372763",0.0001940260444229316,"-",820812,"USD"
"CSGP","COSTAR GROUP INC","22160N109","2262864",0.00019282569770278144,"-",5005621,"USD"
"CHTR","CHARTER COMMUNICATIONS INC A","16119P108","BZ6VT82",0.0001922155214533718,"-",1024688,"USD"
"FOXA","FOX CORP   CLASS A","35137L105","BJJMGL2",0.00018976481356639864,"-",2445122,"USD"
"HAS","HASBRO INC","418056107","2414580",0.00018906461131297777,"-",1635061,"USD"
"SJM","JM SMUCKER CO/THE","832696405","2951452",0.0001889045650836244,"-",1307403,"USD"
"REG","REGENCY CENTERS CORP","758849103","2726177",0.00018812433971552683,"-",2019840,"USD"
"SOLV","SOLVENTUM CORP","83444M101","BMTQB43",0.00018810433393685766,"-",1803978,"USD"
"GDDY","GODADDY INC   CLASS A","380237107","BWFRFC6",0.00018173249343072747,"-",1623188,"USD"
"ECHO","ECHOSTAR CORP A","278768106","B2NC471",0.00018066218427192695,"-",1655990,"USD"
"PNW","PINNACLE WEST CAPITAL","723484101","2048804",0.00018047212937456983,"-",1486249,"USD"
"GNRC","GENERAC HOLDINGS INC","368736104","B6197Q2",0.00018028207447721276,"-",714855,"USD"
"TKO","TKO GROUP HOLDINGS INC","87256C101","BQBBFD1",0.00017882165263436345,"-",771467,"USD"
"ALGN","ALIGN TECHNOLOGY INC","016255101","2679204",0.00017401026286442838,"-",807760,"USD"
"TECH","BIO TECHNE CORP","09073M104","BSHZ3Q0",0.00016965900600388422,"-",1922345,"USD"
"UDR","UDR INC","902653104","2727910",0.0001670082403302194,"-",3623790,"USD"
"JKHY","JACK HENRY + ASSOCIATES INC","426281101","2469193",0.00016523772891799795,"-",870690,"USD"
"CPT","CAMDEN PROPERTY TRUST","133131102","2166320",0.00016442749488189664,"-",1231843,"USD"
"ROL","ROLLINS INC","775711104","2747305",0.00016401737641917868,"-",3600098,"USD"
"PNR","PENTAIR PLC","G7S00T104","BLS09M3",0.0001617767292082318,"-",1981086,"USD"
"DPZ","DOMINO S PIZZA INC","25754A201","B01SD70",0.00015975614556264575,"-",375297,"USD"
"APTV","APTIV PLC","G3265R107","BTDN8H1",0.00015830572660913104,"-",2597108,"USD"
"AES","AES CORP","00130H105","2002479",0.0001575655127983718,"-",8741041,"USD"
"NWSA","NEWS CORP   CLASS A","65249B109","BBGVT40",0.00015591503605816542,"-",4472219,"USD"
"FDS","FACTSET RESEARCH SYSTEMS INC","303075105","2329770",0.0001552248366940791,"-",446462,"USD"
"SWKS","SKYWORKS SOLUTIONS INC","83088M102","2961053",0.00015517482224740618,"-",1843365,"USD"
"BEN","FRANKLIN RESOURCES INC","354613101","2350684",0.00015415452753527855,"-",3758151,"USD"
"BXP","BXP INC","101121101","2019479",0.0001505234787068245,"-",1811526,"USD"
"PODD","INSULET CORP","45784P101","B1XGNW4",0.000148392863278558,"-",848898,"USD"
"FRT","FEDERAL REALTY INVS TRUST","313745101","BN7P9B2",0.00013858002884133082,"-",966864,"USD"
"UHS","UNIVERSAL HEALTH SERVICES B","913903100","2923785",0.0001380998901532708,"-",653297,"USD"
"WYNN","WYNN RESORTS LTD","983134107","2963811",0.00012889723196545322,"-",1027598,"USD"
"NCLH","NORWEGIAN CRUISE LINE HOLDIN","G66721104","B9CGTC3",0.00012862715395341946,"-",5666180,"USD"
"HSIC","HENRY SCHEIN INC","806407102","2416962",0.00012791694881066396,"-",1186727,"USD"
"MGM","MGM RESORTS INTERNATIONAL","552953101","2547419",0.0001233556312740935,"-",2324894,"USD"
"FOX","FOX CORP   CLASS B","35137L204","BJJMGY5",0.00011819414037744803,"-",1714675,"USD"
"BLDR","BUILDERS FIRSTSOURCE INC","12008R107","B0BV2M7",0.0001161035365065199,"-",1318114,"USD"
"ARE","ALEXANDRIA REAL ESTATE EQUIT","015271109","2009210",0.00011333273616084006,"-",1915403,"USD"
"MOS","MOSAIC CO/THE","61945C103","B3NPHP6",0.00011270255413276125,"-",3923942,"USD"
"HRL","HORMEL FOODS CORP","440452100","2437264",0.00010805121059217956,"-",3574819,"USD"
"AOS","SMITH (A.O.) CORP","831865209","2816023",0.00010477026289043592,"-",1371885,"USD"
"TAP","MOLSON COORS BEVERAGE CO   B","60871R209","B067BM3",0.00010231955500346275,"-",1966429,"USD"
"ERIE","ERIE INDEMNITY COMPANY CL A","29530P102","2311711",0.00009611776361602049,"-",311240,"USD"
"DVA","DAVITA INC","23918K108","2898087",0.00008850556483240185,"-",393744,"USD"
"TTD","TRADE DESK INC/THE  CLASS A","88339J105","BD8FDD1",0.00008575477026539116,"-",5233457,"USD"
"BF-B","BROWN FORMAN CORP CLASS B","115637209","2146838",0.00007120056628357102,"-",2063928,"USD"
"NWS","NEWS CORP   CLASS B","65249B208","BBGVT51",0.00005945717420476904,"-",1494923,"USD"
"PSKY","PARAMOUNT SKYDANCE CL B","69932A204","BSNMNQ5",0.000043692620613464205,"-",3852019,"USD"
"2602335D","CONTRA HOLOGIC INCORPO","436CVR021","-",3.0008668003752886e-8,"-",2578626,"USD"
